meses_cliente,cargo_mensual,contrato,tickets_soporte,abandona
1,433.58,anual,2,1
26,644.12,bianual,2,0
45,450.06,bianual,1,0
3,619.51,anual,1,1
71,555.09,bianual,1,0
42,495.29,anual,3,1
21,490.93,mensual,1,1
69,458.54,anual,1,0
14,253.76,mensual,1,1
68,618.92,mensual,2,0
21,591.68,mensual,0,0
27,702.94,mensual,2,1
31,454.34,bianual,0,0
71,891.17,bianual,0,0
18,481.65,mensual,2,1
70,392.48,anual,0,0
25,371.14,mensual,1,1
21,237.89,mensual,1,1
46,825.87,mensual,4,1
50,796.79,mensual,0,0
25,658.13,mensual,2,1
10,388.7,mensual,1,1
29,876.03,mensual,0,1
39,486.69,mensual,4,1
3,501.58,bianual,0,1
6,808.71,mensual,2,1
66,668.6,mensual,0,0
3,946.2,mensual,2,1
29,594.77,mensual,4,1
55,478.53,mensual,3,0
24,439.88,mensual,1,1
36,217.54,anual,5,1
7,499.85,anual,3,1
57,756.03,anual,3,0
46,657.79,anual,0,0
61,553.66,mensual,1,0
62,370.91,mensual,1,1
25,590.84,mensual,1,1
3,732.31,mensual,0,1
25,627.53,mensual,1,1
11,580.01,mensual,0,1
38,406.55,anual,1,0
11,706.09,mensual,1,1
66,150.0,mensual,2,0
43,618.91,anual,1,1
18,1012.66,mensual,2,1
66,278.49,anual,4,1
55,506.55,bianual,2,0
32,548.58,bianual,1,0
11,466.74,mensual,1,1
25,736.55,mensual,1,0
42,635.04,anual,1,0
55,577.41,anual,3,1
19,693.51,anual,0,1
53,553.02,mensual,1,0
21,1122.38,mensual,1,1
18,577.24,mensual,6,1
32,585.15,mensual,4,1
12,242.12,mensual,6,1
29,452.18,bianual,1,0
26,756.53,mensual,1,1
20,309.62,anual,1,1
56,161.64,bianual,3,0
24,555.82,mensual,0,1
50,796.73,mensual,4,1
52,557.63,anual,4,1
48,489.5,mensual,0,0
20,215.47,mensual,1,1
59,631.41,anual,2,0
17,669.03,anual,0,1
20,229.29,anual,2,0
63,754.22,bianual,1,0
25,687.83,mensual,3,1
50,753.82,anual,1,0
4,655.03,anual,1,1
44,667.66,anual,0,0
62,643.73,anual,2,0
51,706.33,anual,0,0
42,222.62,bianual,1,0
61,279.81,mensual,2,0
22,417.52,anual,1,1
27,526.63,mensual,4,1
5,619.86,anual,5,1
50,608.44,anual,1,1
52,751.08,anual,2,1
54,756.73,mensual,3,1
54,392.97,mensual,0,0
10,592.94,mensual,1,1
48,397.39,mensual,2,1
55,516.12,mensual,1,1
15,607.92,bianual,2,0
34,150.0,mensual,3,1
65,984.02,bianual,1,0
30,651.95,mensual,1,1
54,442.77,anual,2,0
38,896.93,anual,1,0
47,487.46,anual,1,0
45,573.85,anual,2,1
47,462.32,anual,1,0
56,847.36,bianual,2,0
65,531.1,anual,0,0
21,576.91,mensual,0,1
66,766.68,mensual,3,1
45,655.33,anual,1,0
43,540.22,mensual,2,1
24,749.87,mensual,2,1
30,1006.93,anual,0,1
47,607.13,mensual,2,0
26,571.02,anual,2,0
21,580.71,anual,2,1
59,785.88,anual,2,1
30,442.14,anual,2,0
46,499.9,bianual,4,0
3,273.26,anual,2,1
6,336.9,bianual,2,0
61,456.8,mensual,1,0
11,539.93,anual,1,1
57,868.43,anual,1,0
64,646.48,mensual,0,0
35,385.83,mensual,1,1
63,418.96,anual,2,0
31,797.45,mensual,4,1
68,752.79,bianual,1,1
17,555.07,mensual,1,0
31,470.35,mensual,1,1
28,752.49,anual,2,1
56,371.2,mensual,1,0
4,620.57,mensual,3,1
59,959.08,anual,1,0
2,586.96,mensual,3,1
23,410.39,mensual,1,0
43,623.87,anual,2,1
11,465.4,anual,2,0
35,299.06,anual,2,0
71,676.19,mensual,2,0
59,751.21,mensual,4,1
3,494.04,bianual,1,1
43,482.1,anual,0,0
43,376.92,mensual,2,0
5,523.01,anual,1,0
47,448.77,mensual,1,0
37,368.01,anual,4,0
49,890.59,anual,1,1
22,633.97,bianual,0,1
19,653.03,bianual,2,0
53,709.01,mensual,2,1
52,688.79,anual,2,0
12,475.64,mensual,0,1
16,599.06,anual,1,1
42,501.57,anual,2,0
59,628.92,mensual,0,1
15,611.5,mensual,3,1
16,481.12,mensual,3,1
58,310.73,mensual,0,0
50,576.32,mensual,4,0
65,513.23,bianual,0,0
56,209.73,mensual,0,0
68,641.38,anual,1,1
14,723.76,anual,1,1
20,1005.1,anual,3,1
17,479.58,mensual,1,1
4,453.03,bianual,2,0
56,350.3,anual,0,0
47,587.56,anual,5,1
7,586.42,bianual,2,1
15,403.97,anual,0,0
14,518.51,mensual,2,1
29,193.84,bianual,1,0
33,716.75,mensual,2,1
21,411.28,anual,2,1
67,543.76,mensual,1,0
16,293.2,mensual,0,0
40,445.18,mensual,2,0
32,499.67,mensual,1,1
28,547.97,bianual,2,0
59,636.35,mensual,2,0
70,809.03,anual,1,0
1,681.89,mensual,2,1
33,723.19,bianual,0,0
9,810.3,mensual,2,1
31,652.55,mensual,2,1
44,543.39,mensual,3,1
30,731.64,anual,1,1
22,743.14,bianual,3,1
23,666.74,bianual,1,0
22,288.17,mensual,1,0
24,398.54,mensual,2,1
27,500.53,mensual,3,0
49,690.33,mensual,0,1
7,546.16,anual,1,0
3,754.64,mensual,1,1
37,786.74,anual,2,1
49,765.85,bianual,2,1
19,767.0,mensual,2,1
15,363.34,mensual,3,1
45,636.87,mensual,0,1
28,440.64,mensual,0,1
53,253.17,mensual,3,0
11,498.26,anual,3,1
9,788.45,mensual,1,1
40,632.93,anual,0,0
28,913.21,bianual,2,1
52,581.9,bianual,2,0
36,990.6,anual,2,1
26,581.95,mensual,2,0
12,554.05,mensual,2,1
12,319.71,mensual,3,1
54,749.9,bianual,2,0
17,459.62,bianual,1,0
36,433.53,mensual,2,0
59,780.62,mensual,2,0
64,758.48,mensual,1,0
20,753.77,mensual,1,1
8,484.81,bianual,3,1
56,540.82,mensual,2,1
49,539.23,mensual,4,1
24,690.85,mensual,4,1
43,829.64,mensual,1,1
14,616.27,mensual,0,1
50,905.48,bianual,4,1
52,711.49,mensual,2,1
22,507.74,anual,2,0
34,699.17,mensual,1,0
24,857.07,mensual,2,1
3,909.69,mensual,0,1
10,763.64,mensual,4,1
69,554.62,mensual,2,0
33,511.0,mensual,2,1
11,653.69,anual,2,1
4,851.32,anual,2,1
26,628.08,bianual,2,0
70,631.82,mensual,0,1
28,559.25,anual,1,0
71,490.98,anual,0,0
35,520.82,mensual,5,1
55,574.38,mensual,3,0
56,859.26,mensual,1,0
2,506.85,anual,1,0
1,559.47,mensual,2,1
66,394.23,mensual,0,0
67,678.99,bianual,1,0
10,796.0,mensual,2,1
46,842.41,bianual,1,0
66,586.61,anual,0,0
68,653.38,anual,5,0
22,522.36,anual,2,1
59,645.04,mensual,3,1
46,606.51,anual,1,0
66,560.49,anual,2,1
11,574.8,anual,0,0
43,631.35,mensual,1,1
2,497.05,mensual,2,1
26,506.35,mensual,1,1
1,857.33,mensual,3,1
32,1037.9,anual,2,1
58,333.21,anual,2,0
47,323.3,anual,1,0
23,377.71,anual,2,0
31,531.41,mensual,1,1
27,711.24,mensual,4,1
52,656.43,mensual,1,0
19,580.97,mensual,0,1
7,645.21,mensual,2,1
36,425.42,mensual,0,0
59,506.06,mensual,1,0
34,546.38,anual,1,1
15,264.84,mensual,0,1
4,340.96,mensual,2,0
68,348.12,mensual,2,0
55,687.54,anual,3,0
12,594.16,anual,3,1
6,659.99,mensual,2,0
10,218.86,mensual,2,0
27,282.96,bianual,1,0
58,669.38,anual,1,0
12,150.0,anual,4,0
59,770.43,mensual,4,1
1,221.8,anual,0,0
53,701.8,bianual,1,0
21,390.05,mensual,0,1
69,738.8,anual,1,0
34,1127.47,mensual,1,1
20,150.0,anual,2,0
18,675.17,mensual,1,1
59,224.53,mensual,2,1
29,626.82,bianual,2,0
25,512.78,bianual,3,1
53,573.36,mensual,1,0
39,385.9,bianual,0,0
48,690.5,mensual,2,1
32,289.3,mensual,1,1
5,773.49,bianual,1,0
1,476.33,mensual,0,1
3,297.52,mensual,0,1
41,837.09,anual,2,1
37,537.88,mensual,0,1
54,893.37,mensual,3,1
64,769.84,mensual,3,0
13,406.33,anual,2,0
68,534.7,mensual,2,1
67,571.79,mensual,3,0
44,824.73,anual,1,1
38,628.75,mensual,1,1
13,581.73,mensual,1,1
13,514.02,anual,0,1
2,540.9,anual,2,1
46,784.83,mensual,1,0
31,550.67,bianual,2,1
14,478.9,anual,2,0
10,448.39,mensual,2,0
5,450.32,anual,1,1
46,297.62,anual,0,0
49,414.93,anual,2,0
45,819.72,anual,1,1
8,512.81,anual,2,1
3,676.79,bianual,2,1
8,150.0,anual,2,0
54,652.3,anual,2,0
53,520.96,anual,0,0
21,463.34,bianual,4,0
4,582.57,bianual,0,0
23,460.75,mensual,3,1
58,167.7,mensual,0,0
11,716.0,anual,1,1
57,593.74,mensual,0,0
33,493.49,anual,2,0
11,376.09,anual,0,0
67,285.43,bianual,0,0
37,590.3,mensual,2,1
48,840.42,anual,1,0
7,586.57,mensual,0,1
27,301.1,mensual,1,1
45,590.52,mensual,0,0
46,540.4,mensual,1,0
5,705.53,mensual,1,1
43,659.21,anual,0,0
68,150.0,anual,0,0
56,648.14,mensual,2,1
15,369.37,mensual,2,1
65,294.09,mensual,0,0
49,516.07,bianual,0,0
5,623.97,bianual,0,0
10,254.67,mensual,1,1
66,676.82,mensual,3,0
15,687.4,mensual,3,1
7,558.46,anual,0,0
33,393.83,mensual,1,1
38,373.71,mensual,1,1
41,734.67,mensual,2,1
47,277.98,mensual,1,0
71,741.6,mensual,2,1
54,520.26,mensual,1,0
2,532.75,anual,2,1
7,242.54,mensual,4,1
1,523.59,mensual,3,1
29,660.45,anual,1,1
25,309.45,mensual,0,1
67,639.75,anual,1,1
26,566.02,bianual,1,1
3,434.12,mensual,1,0
63,703.84,bianual,1,0
19,153.59,anual,3,0
65,612.4,anual,0,0
55,841.5,mensual,4,1
63,809.19,mensual,3,0
59,620.17,mensual,1,0
11,495.7,bianual,2,1
45,435.56,anual,1,0
30,495.47,mensual,1,0
45,647.89,mensual,3,1
53,404.7,mensual,3,1
36,686.34,mensual,1,1
23,933.97,anual,1,1
66,538.86,mensual,1,0
48,308.01,anual,0,0
63,307.95,anual,2,0
17,689.78,anual,8,1
60,539.25,anual,4,1
23,707.83,mensual,2,1
33,453.95,anual,4,0
62,699.51,anual,1,0
26,521.51,mensual,1,1
18,418.15,mensual,1,0
66,477.82,mensual,0,0
69,334.53,mensual,2,1
23,908.08,mensual,1,1
22,532.65,mensual,0,1
17,666.01,anual,0,0
2,453.36,mensual,4,1
40,360.65,mensual,3,1
19,507.9,mensual,0,1
61,748.21,mensual,2,0
13,456.27,bianual,2,0
46,393.3,mensual,0,0
36,577.98,mensual,0,0
44,639.82,mensual,2,1
9,845.71,mensual,0,1
34,613.68,anual,1,1
45,665.92,anual,1,0
25,679.47,mensual,3,1
63,342.46,anual,1,0
38,376.6,mensual,2,1
26,354.9,anual,0,0
3,310.21,anual,3,0
12,693.18,mensual,0,1
34,602.21,anual,1,1
29,564.31,anual,0,1
62,150.0,mensual,2,0
56,919.99,bianual,3,0
12,389.03,bianual,1,1
42,919.33,mensual,1,1
33,289.14,anual,1,0
8,403.77,anual,0,0
48,153.49,mensual,4,0
39,615.18,mensual,2,1
7,351.77,bianual,1,0
34,356.86,anual,2,0
52,302.95,mensual,1,1
24,689.92,mensual,1,1
26,678.06,mensual,3,0
8,876.17,bianual,0,0
15,426.57,anual,1,0
70,589.39,mensual,3,1
45,317.92,bianual,1,1
13,489.69,anual,1,1
35,456.61,mensual,3,0
14,633.6,mensual,0,1
32,733.06,anual,2,1
11,728.39,mensual,0,0
44,398.29,mensual,0,1
41,729.72,anual,3,1
45,542.06,bianual,2,0
32,491.57,mensual,1,1
21,422.47,bianual,2,0
18,449.21,bianual,2,0
16,863.62,mensual,0,1
31,605.33,mensual,1,1
33,581.43,anual,2,0
48,502.8,anual,1,1
4,990.28,mensual,1,1
21,784.9,anual,3,1
61,420.21,anual,1,0
65,500.75,anual,1,0
67,511.44,anual,0,0
22,576.26,mensual,3,0
10,423.78,mensual,3,1
15,628.99,mensual,1,1
10,811.38,bianual,1,1
68,313.55,bianual,2,0
63,346.93,anual,0,0
58,463.03,mensual,1,1
52,471.38,anual,5,0
25,909.72,mensual,1,1
34,730.31,mensual,0,1
60,719.98,mensual,0,1
58,502.41,anual,1,0
37,498.46,mensual,2,1
60,288.69,anual,3,0
25,690.71,bianual,3,1
30,638.39,anual,2,1
60,781.48,mensual,4,1
27,512.05,bianual,2,0
54,524.48,anual,0,0
33,580.61,mensual,2,1
22,710.54,anual,2,1
16,285.36,bianual,2,0
44,682.49,mensual,0,1
35,546.31,mensual,0,1
27,359.45,mensual,0,0
53,174.77,mensual,1,0
1,525.43,anual,1,1
7,810.59,mensual,1,1
69,851.44,mensual,2,0
48,613.97,mensual,5,1
40,903.16,mensual,1,1
2,542.27,mensual,5,1
43,721.59,anual,1,0
31,468.78,mensual,2,1
43,457.37,mensual,0,0
3,428.05,bianual,1,1
40,179.1,bianual,2,0
42,781.68,mensual,2,1
21,434.51,mensual,1,1
4,405.74,mensual,1,1
69,337.61,mensual,0,0
51,513.22,mensual,0,0
45,867.43,bianual,0,0
55,926.88,anual,1,0
48,251.04,mensual,2,0
10,486.2,bianual,1,0
33,363.82,mensual,0,1
64,727.9,mensual,0,0
21,601.59,mensual,2,1
70,435.42,mensual,2,0
5,563.06,bianual,2,1
24,464.06,mensual,2,1
25,840.56,anual,2,0
44,648.45,mensual,2,1
13,670.57,bianual,1,1
17,150.0,anual,1,0
48,537.98,mensual,3,1
21,924.98,mensual,5,1
63,788.7,bianual,1,1
62,217.52,mensual,1,0
22,493.58,mensual,2,0
40,333.73,bianual,0,0
24,858.0,mensual,2,1
25,593.97,mensual,1,0
48,411.8,mensual,2,1
21,556.15,mensual,1,0
11,150.0,mensual,1,1
19,354.71,mensual,1,1
66,556.56,mensual,0,0
19,702.22,mensual,1,1
26,200.56,mensual,3,0
45,481.39,bianual,1,0
8,731.74,anual,1,0
20,288.74,mensual,2,1
13,591.25,mensual,2,1
66,561.88,anual,1,0
67,858.59,mensual,0,1
54,508.58,mensual,1,0
18,519.11,anual,1,0
44,703.89,mensual,0,1
48,311.26,anual,3,1
62,510.24,bianual,1,0
12,467.97,anual,1,1
53,525.0,mensual,4,0
14,702.71,mensual,3,1
41,649.75,mensual,1,1
63,415.24,anual,1,0
5,574.61,bianual,0,1
11,818.28,bianual,1,0
58,400.35,mensual,1,1
2,576.13,anual,0,1
49,515.23,mensual,2,1
36,538.66,anual,0,0
25,256.48,mensual,2,1
62,803.94,mensual,1,1
61,410.62,mensual,2,1
24,734.69,bianual,0,1
1,438.15,mensual,0,1
10,437.41,mensual,4,1
8,768.36,mensual,2,1
70,728.9,mensual,1,0
43,587.56,bianual,4,0
49,687.01,mensual,0,0
17,498.06,mensual,3,1
61,548.49,anual,1,0
52,430.91,mensual,3,0
54,712.73,mensual,1,0
34,425.19,mensual,1,1
50,817.33,mensual,2,1
39,493.15,mensual,2,0
28,553.69,mensual,2,1
43,686.57,mensual,1,1
24,554.3,anual,2,0
68,496.38,bianual,2,0
51,544.6,bianual,2,0
53,710.89,mensual,5,1
51,430.69,mensual,4,1
32,527.28,bianual,1,0
68,551.85,anual,4,0
15,705.63,mensual,0,0
41,532.03,mensual,1,1
5,875.49,mensual,2,1
21,521.82,mensual,0,0
41,507.22,mensual,3,1
35,519.21,mensual,0,1
67,313.0,bianual,1,0
44,363.39,anual,2,1
30,454.48,anual,2,0
31,754.45,mensual,1,1
44,544.04,anual,3,1
57,462.76,anual,1,0
20,770.78,mensual,1,1
42,829.21,anual,1,0
41,775.97,anual,3,1
1,396.44,anual,0,1
65,460.86,mensual,1,0
41,876.47,bianual,0,0
18,593.41,mensual,2,0
45,501.83,mensual,1,0
49,679.3,mensual,0,1
65,731.31,mensual,2,1
3,447.14,mensual,2,1
30,589.5,mensual,2,0
13,716.78,anual,1,1
41,341.15,mensual,0,0
36,552.22,bianual,0,0
34,349.41,mensual,1,0
70,372.96,anual,2,0
38,448.64,bianual,2,0
30,635.88,anual,2,1
5,492.04,anual,2,0
21,433.28,anual,3,1
64,559.28,mensual,1,1
33,343.55,mensual,3,0
65,627.18,mensual,5,1
38,753.65,mensual,3,1
39,535.74,mensual,1,1
31,513.52,mensual,1,1
40,617.22,bianual,1,0
5,184.88,bianual,2,0
5,646.63,anual,3,1
34,1108.34,anual,0,1
43,527.92,mensual,3,0
40,528.56,mensual,4,0
31,683.85,anual,3,1
21,846.16,anual,2,1
51,725.49,mensual,1,1
43,161.99,mensual,2,0
4,651.41,mensual,1,1
33,1012.95,mensual,3,1
51,662.04,mensual,3,1
56,342.17,mensual,0,0
21,600.73,anual,1,1
66,319.48,bianual,2,0
47,771.9,mensual,3,1
32,377.94,anual,0,0
45,563.36,anual,2,1
62,395.6,mensual,1,1
17,451.64,anual,2,0
11,817.51,mensual,3,1
32,568.62,anual,1,0
6,449.34,mensual,2,1
60,343.86,bianual,2,0
69,213.09,bianual,3,0
43,324.77,mensual,0,1
70,570.15,mensual,0,0
5,726.44,mensual,3,1
45,449.14,anual,1,0
32,832.7,anual,2,0
20,420.85,mensual,2,1
23,507.16,anual,1,0
39,355.68,mensual,0,0
46,728.34,mensual,0,1
12,927.55,mensual,2,1
44,232.87,mensual,2,0
66,487.69,mensual,3,0
1,777.66,mensual,1,1
63,289.55,mensual,4,0
44,652.0,bianual,3,0
25,769.86,mensual,0,1
53,564.08,bianual,0,0
44,649.05,anual,0,0
55,866.96,anual,1,0
6,900.72,mensual,3,1
5,538.85,anual,2,1
46,454.17,mensual,0,0
22,384.4,mensual,1,1
17,725.85,mensual,2,1
30,303.08,mensual,1,1
52,504.54,bianual,3,1
13,568.48,bianual,0,0
70,459.46,anual,2,0
30,600.37,mensual,1,0
11,1011.61,bianual,2,0
6,528.11,anual,1,0
61,471.63,mensual,3,1
9,732.76,mensual,3,1
30,593.13,anual,1,1
48,809.08,mensual,3,1
37,579.64,mensual,1,1
19,505.28,anual,3,0
8,228.93,mensual,1,1
51,258.45,mensual,1,1
35,219.57,mensual,0,0
4,618.28,anual,0,1
13,304.8,bianual,2,0
40,776.0,anual,2,0
12,555.44,anual,0,0
28,506.05,anual,3,1
9,398.11,anual,1,0
57,662.01,mensual,1,0
45,405.19,mensual,2,0
56,372.63,anual,0,0
4,763.9,anual,1,1
27,613.83,mensual,1,1
20,507.71,bianual,0,0
45,665.46,anual,1,0
59,551.61,mensual,1,0
17,618.94,mensual,3,1
55,402.97,mensual,1,0
42,922.67,mensual,1,1
59,445.67,mensual,3,1
6,830.08,mensual,0,1
71,516.0,mensual,2,0
31,695.28,mensual,1,1
20,682.16,anual,2,1
13,756.43,anual,4,1
70,398.69,mensual,3,1
63,743.61,mensual,0,1
10,882.36,mensual,1,1
32,503.44,mensual,0,1
53,556.25,mensual,2,1
42,455.78,mensual,5,1
14,487.64,mensual,3,1
26,858.06,bianual,2,1
27,369.24,mensual,1,1
21,380.42,anual,3,1
69,839.96,mensual,1,0
15,662.42,mensual,1,1
51,931.67,bianual,2,0
65,468.92,mensual,1,0
57,572.73,anual,3,0
57,431.08,bianual,3,0
12,575.79,anual,0,0
10,230.66,mensual,2,1
56,673.29,mensual,1,0
54,608.23,mensual,1,1
53,539.64,mensual,5,1
30,479.73,mensual,3,1
38,388.94,bianual,0,0
2,680.99,anual,2,1
21,339.2,mensual,2,1
38,642.14,mensual,2,1
9,923.4,anual,0,1
10,817.39,bianual,2,1
4,279.08,mensual,0,1
15,453.39,mensual,1,0
71,625.86,bianual,1,0
50,537.35,bianual,1,0
68,298.11,bianual,1,0
19,619.36,mensual,0,1
43,548.2,mensual,0,0
64,894.58,mensual,0,1
25,504.42,mensual,0,0
47,760.24,bianual,2,0
50,321.92,mensual,0,1
60,364.96,anual,5,0
69,679.9,bianual,2,1
44,745.07,bianual,1,0
42,377.67,anual,0,0
62,554.33,bianual,1,0
49,301.32,mensual,3,0
26,517.38,mensual,2,1
45,700.65,mensual,1,1
39,471.71,bianual,2,0
17,505.17,bianual,1,0
37,346.64,mensual,0,1
45,433.3,mensual,1,0
65,866.46,mensual,0,0
42,563.13,mensual,2,1
12,369.58,anual,1,1
71,493.34,mensual,5,1
42,262.46,anual,0,0
21,367.45,anual,3,1
54,794.86,mensual,2,1
28,524.35,mensual,1,1
27,890.33,bianual,1,0
60,532.84,anual,0,0
62,543.52,mensual,1,0
38,665.36,mensual,2,1
27,150.0,bianual,2,0
62,586.89,anual,2,0
13,541.18,anual,2,1
54,817.49,anual,0,0
42,723.64,bianual,3,1
61,345.94,mensual,2,0
30,773.58,anual,2,1
60,502.78,mensual,1,1
2,387.2,anual,1,1
54,585.48,bianual,0,0
5,513.5,bianual,0,0
46,826.92,mensual,0,1
14,611.31,anual,0,1
69,587.02,bianual,1,0
55,712.12,bianual,1,0
8,746.72,anual,1,0
64,691.05,mensual,3,0
18,805.5,mensual,2,1
39,659.56,bianual,2,0
7,580.18,anual,2,1
8,773.05,anual,1,1
18,533.64,anual,0,1
38,555.98,mensual,0,1
39,859.88,mensual,4,1
61,841.95,anual,1,1
12,548.53,mensual,0,1
54,468.36,anual,2,0
1,813.37,anual,2,1
21,694.08,anual,3,1
13,606.8,mensual,0,1
9,492.06,anual,4,1
42,609.71,mensual,0,1
64,546.09,mensual,1,1
48,430.42,mensual,2,1
61,573.23,mensual,1,0
42,597.78,bianual,1,0
4,482.43,bianual,1,1
25,712.69,mensual,0,0
59,781.99,anual,0,0
4,724.58,mensual,2,1
7,500.28,anual,1,1
60,686.05,bianual,1,0
5,564.03,anual,1,0
69,327.57,mensual,1,0
54,671.09,mensual,1,0
48,576.3,mensual,1,0
39,1016.84,bianual,2,0
7,812.31,anual,0,1
30,678.01,mensual,3,1
58,594.85,mensual,1,0
65,579.47,bianual,0,0
32,369.34,mensual,2,1
60,236.98,anual,3,0
56,392.94,anual,3,0
5,541.41,mensual,4,1
45,171.0,mensual,2,0
44,452.02,mensual,0,0
39,505.43,mensual,2,1
55,511.22,anual,3,0
64,430.89,anual,1,0
40,488.53,mensual,2,1
23,860.3,mensual,1,1
70,669.19,mensual,2,1
69,449.15,mensual,1,0
49,537.7,anual,2,0
46,544.9,anual,0,1
8,411.77,anual,2,1
29,411.56,mensual,2,0
15,731.89,anual,2,1
37,474.44,mensual,2,1
59,352.95,bianual,1,0
16,542.23,anual,2,1
71,571.24,bianual,2,0
10,194.91,mensual,0,0
7,542.67,mensual,1,1
70,706.24,anual,2,0
8,631.22,mensual,4,1
53,951.36,anual,1,1
55,775.2,mensual,1,1
24,810.81,bianual,1,1
5,1054.02,mensual,0,1
22,686.47,bianual,1,0
5,579.35,mensual,0,1
48,725.27,mensual,2,1
64,449.34,mensual,2,1
71,569.38,mensual,2,1
57,433.41,bianual,0,0
55,621.64,bianual,2,0
63,432.66,bianual,0,0
55,426.35,bianual,1,0
47,624.43,anual,6,1
71,525.21,mensual,1,0
23,203.05,bianual,1,0
30,288.0,mensual,0,1
65,343.49,anual,1,0
23,391.07,mensual,1,1
22,624.6,anual,1,1
11,589.41,mensual,2,1
20,741.75,mensual,0,1
43,685.5,mensual,1,1
63,742.94,mensual,2,0
10,659.51,mensual,2,1
49,587.74,mensual,0,0
55,747.88,mensual,0,1
64,715.49,anual,1,0
54,617.7,mensual,2,1
12,778.79,anual,1,1
35,150.0,mensual,1,1
68,497.72,anual,1,0
65,494.96,mensual,0,0
44,757.48,mensual,1,0
69,832.85,anual,4,1
48,288.97,anual,0,0
5,804.01,mensual,5,1
65,339.14,mensual,0,0
12,344.58,mensual,2,1
28,507.83,mensual,1,1
17,492.72,mensual,3,1
52,269.48,anual,0,0
3,666.98,mensual,0,1
46,672.29,anual,3,1
62,739.73,mensual,0,0
56,471.98,mensual,4,1
22,542.88,mensual,1,1
64,544.52,mensual,2,0
26,853.84,mensual,1,1
49,150.0,anual,0,0
36,377.75,anual,2,1
5,551.0,mensual,1,1
1,354.6,mensual,2,1
14,503.5,bianual,3,1
67,527.31,mensual,0,0
68,431.62,mensual,5,0
30,561.6,bianual,2,1
69,663.07,mensual,0,1
4,507.47,mensual,3,1
69,468.42,mensual,1,1
17,520.16,anual,2,1
3,548.66,mensual,3,1
54,236.74,anual,3,0
28,633.08,mensual,1,1
21,468.82,mensual,2,1
54,777.08,mensual,2,0
24,656.39,anual,1,0
54,760.61,mensual,0,1
14,368.02,anual,1,1
7,483.15,mensual,0,1
24,326.36,mensual,0,0
44,423.07,mensual,1,0
16,775.38,mensual,1,1
11,817.75,mensual,2,1
54,343.34,anual,3,0
36,467.51,bianual,2,0
31,536.28,anual,0,0
18,655.41,anual,0,1
2,233.23,mensual,2,1
4,261.46,anual,2,1
49,638.13,mensual,0,1
6,199.17,anual,2,1
18,469.58,bianual,1,0
65,579.18,mensual,1,1
25,624.82,bianual,1,1
53,524.49,anual,2,0
25,484.16,mensual,0,1
67,702.02,bianual,1,0
59,601.34,mensual,1,0
34,433.54,mensual,4,1
49,556.79,mensual,1,0
30,618.97,anual,1,0
68,859.28,mensual,0,0
26,691.54,bianual,1,1
60,768.62,mensual,1,0
44,440.09,mensual,3,1
46,455.65,anual,0,0
25,507.63,mensual,0,1
60,524.16,anual,0,0
53,368.56,mensual,1,0
58,777.87,bianual,1,0
57,709.0,anual,1,0
12,494.98,mensual,1,1
63,665.51,mensual,0,0
60,590.12,mensual,1,0
18,679.57,bianual,4,0
70,308.02,anual,1,0
38,523.78,mensual,2,0
23,539.55,mensual,0,0
16,662.26,bianual,1,0
26,436.88,mensual,0,1
3,150.0,anual,1,0
50,355.29,anual,3,1
51,539.01,mensual,0,1
48,561.5,mensual,0,1
39,853.07,mensual,4,1
26,654.89,mensual,3,1
52,564.68,bianual,0,0
62,544.17,anual,1,1
7,748.75,anual,2,1
28,443.78,mensual,1,1
71,524.75,mensual,1,1
62,353.93,anual,1,0
71,805.4,mensual,1,1
14,620.65,mensual,1,1
34,422.65,mensual,2,1
10,529.4,anual,1,1
62,641.74,anual,4,0
37,504.87,mensual,1,1
18,453.8,bianual,2,1
7,432.23,mensual,3,1
53,611.01,mensual,1,1
58,485.55,mensual,1,0
63,468.32,anual,2,0
69,309.51,mensual,3,0
58,563.98,mensual,0,0
56,517.38,mensual,0,0
58,492.1,anual,2,0
71,585.78,anual,5,1
33,684.64,mensual,0,1
54,676.28,bianual,3,0
59,649.49,mensual,2,1
9,506.68,mensual,1,1
50,447.94,anual,2,0
25,362.1,anual,2,0
10,443.23,mensual,2,1
13,553.54,anual,3,1
9,408.47,mensual,1,1
64,567.29,anual,0,0
55,376.22,anual,3,0
8,251.02,bianual,2,0
45,697.49,mensual,3,1
47,464.61,anual,1,0
37,399.33,anual,0,0
44,353.11,mensual,0,1
65,626.15,mensual,1,0
37,797.48,bianual,2,1
47,477.45,mensual,2,1
41,511.2,anual,0,0
29,742.89,mensual,3,1
64,224.12,anual,3,0
30,904.04,mensual,3,1
57,989.94,bianual,1,1
43,150.0,anual,1,0
49,532.45,mensual,2,0
54,420.59,anual,2,0
53,502.34,anual,4,0
41,474.69,mensual,0,1
44,696.12,mensual,1,1
