area_m2,recamaras,antiguedad,distancia_centro_km,zona,precio
171.0,4.0,38.0,8.5,sur,2706000.0
158.0,4.0,6.0,12.3,norte,3093000.0
119.0,3.0,4.0,1.3,periferia,1843000.0
157.0,4.0,9.0,12.4,sur,3067000.0
110.0,2.0,37.0,3.7,centro,2529000.0
117.0,2.0,38.0,20.4,periferia,915000.0
72.0,2.0,41.0,11.5,sur,577000.0
124.0,4.0,4.0,10.1,sur,2582000.0
112.0,1.0,7.0,5.9,centro,2306000.0
64.0,2.0,45.0,31.6,norte,400000.0
108.0,4.0,46.0,4.5,norte,1770000.0
107.0,3.0,36.0,2.7,periferia,2081000.0
173.0,5.0,5.0,3.8,sur,3856000.0
141.0,3.0,3.0,13.8,periferia,1750000.0
110.0,3.0,2.0,7.2,norte,2144000.0
119.0,2.0,34.0,6.4,norte,2083000.0
112.0,1.0,42.0,4.6,sur,1354000.0
103.0,3.0,31.0,6.1,centro,2074000.0
72.0,1.0,13.0,4.3,periferia,1535000.0
105.0,2.0,37.0,10.8,sur,1371000.0
84.0,1.0,2.0,5.4,sur,1655000.0
66.0,1.0,41.0,3.9,norte,864000.0
128.0,3.0,44.0,13.0,periferia,1665000.0
124.0,3.0,35.0,2.8,periferia,1860000.0
47.0,1.0,43.0,7.2,sur,400000.0
106.0,3.0,29.0,0.9,centro,2850000.0
145.0,4.0,23.0,1.8,norte,2766000.0
147.0,4.0,16.0,5.0,centro,3985000.0
146.0,5.0,46.0,4.3,centro,3312000.0
111.0,2.0,34.0,4.3,sur,2026000.0
80.0,2.0,9.0,11.6,sur,962000.0
72.0,3.0,47.0,12.0,periferia,400000.0
122.0,4.0,2.0,8.3,norte,2524000.0
123.0,2.0,29.0,2.6,norte,2478000.0
155.0,4.0,9.0,6.1,norte,3407000.0
148.0,5.0,33.0,22.4,centro,2657000.0
105.0,3.0,20.0,29.6,centro,1412000.0
66.0,2.0,21.0,13.1,norte,772000.0
99.0,2.0,33.0,2.7,norte,1907000.0
118.0,3.0,37.0,6.1,sur,1719000.0
103.0,3.0,19.0,7.9,norte,1942000.0
90.0,2.0,49.0,7.1,periferia,1228000.0
119.0,3.0,24.0,14.1,sur,1707000.0
92.0,2.0,8.0,11.2,norte,2146000.0
88.0,2.0,0.0,2.6,periferia,1587000.0
121.0,3.0,10.0,3.9,periferia,2293000.0
96.0,4.0,34.0,13.1,norte,1660000.0
119.0,2.0,26.0,17.1,norte,1384000.0
120.0,3.0,16.0,8.0,sur,2467000.0
70.0,1.0,24.0,18.6,centro,1142000.0
93.0,3.0,41.0,7.3,centro,2214000.0
160.0,4.0,28.0,3.0,centro,3532000.0
69.0,2.0,2.0,10.5,sur,1141000.0
36.0,2.0,2.0,38.2,sur,400000.0
45.0,1.0,24.0,2.1,sur,945000.0
111.0,4.0,20.0,18.1,sur,1682000.0
111.0,1.0,42.0,10.1,norte,1676000.0
106.0,4.0,29.0,3.7,sur,2295000.0
152.0,4.0,37.0,0.9,centro,3814000.0
35.0,2.0,29.0,0.5,centro,1506000.0
124.0,2.0,17.0,4.3,sur,1840000.0
165.0,4.0,32.0,8.9,norte,2940000.0
71.0,2.0,31.0,12.4,sur,456000.0
97.0,2.0,36.0,14.5,sur,1198000.0
84.0,2.0,9.0,8.4,sur,1474000.0
79.0,3.0,32.0,7.4,sur,808000.0
99.0,1.0,14.0,5.1,sur,1591000.0
160.0,5.0,39.0,9.1,norte,2657000.0
174.0,4.0,39.0,3.8,centro,3762000.0
98.0,2.0,31.0,2.2,norte,1537000.0
177.0,3.0,47.0,7.1,norte,3189000.0
111.0,3.0,26.0,11.8,norte,2090000.0
171.0,3.0,1.0,1.7,periferia,3832000.0
107.0,3.0,30.0,4.3,norte,2376000.0
115.0,2.0,38.0,6.9,centro,2258000.0
123.0,3.0,5.0,6.8,norte,2932000.0
221.0,5.0,5.0,9.9,norte,4258000.0
140.0,4.0,13.0,21.9,sur,1838000.0
85.0,2.0,42.0,0.5,sur,1353000.0
144.0,3.0,26.0,22.6,sur,1268000.0
97.0,2.0,48.0,21.3,sur,555000.0
93.0,3.0,43.0,12.6,norte,1130000.0
142.0,4.0,27.0,7.9,periferia,2340000.0
111.0,3.0,33.0,3.9,centro,2338000.0
120.0,3.0,16.0,12.5,centro,2786000.0
110.0,2.0,4.0,8.2,centro,2737000.0
122.0,3.0,19.0,5.2,sur,2563000.0
125.0,2.0,,12.2,norte,2069000.0
42.0,2.0,9.0,13.7,centro,1021000.0
133.0,3.0,11.0,17.0,sur,1997000.0
76.0,4.0,0.0,3.5,centro,2272000.0
60.0,1.0,36.0,15.6,sur,400000.0
108.0,3.0,44.0,5.3,norte,2079000.0
113.0,4.0,41.0,7.9,norte,2700000.0
86.0,3.0,18.0,9.1,norte,1619000.0
139.0,3.0,29.0,14.7,sur,1922000.0
63.0,2.0,48.0,11.4,norte,554000.0
96.0,2.0,29.0,5.1,centro,2282000.0
90.0,2.0,14.0,0.6,centro,2621000.0
108.0,2.0,16.0,9.8,periferia,1539000.0
120.0,3.0,36.0,7.7,periferia,1944000.0
75.0,1.0,22.0,2.0,sur,1056000.0
135.0,3.0,41.0,8.4,norte,2586000.0
112.0,3.0,43.0,6.8,periferia,1594000.0
44.0,1.0,1.0,16.9,sur,400000.0
41.0,1.0,36.0,23.6,sur,400000.0
110.0,3.0,18.0,13.5,norte,2637000.0
102.0,3.0,25.0,6.5,norte,1857000.0
106.0,2.0,13.0,7.3,centro,2635000.0
109.0,3.0,18.0,3.4,periferia,1728000.0
118.0,2.0,16.0,4.0,norte,2910000.0
143.0,3.0,2.0,6.2,norte,3378000.0
71.0,1.0,39.0,5.7,norte,915000.0
69.0,3.0,7.0,1.9,sur,1699000.0
72.0,1.0,18.0,17.0,centro,1430000.0
120.0,3.0,9.0,18.7,periferia,1508000.0
154.0,3.0,8.0,16.7,sur,2684000.0
95.0,3.0,18.0,19.1,sur,1283000.0
35.0,1.0,45.0,28.2,norte,400000.0
50.0,2.0,47.0,3.4,sur,439000.0
81.0,2.0,19.0,27.4,sur,575000.0
90.0,1.0,25.0,5.1,sur,1368000.0
96.0,1.0,49.0,10.9,centro,1592000.0
111.0,2.0,11.0,1.4,norte,2357000.0
99.0,2.0,47.0,4.6,centro,2456000.0
147.0,4.0,5.0,13.8,norte,2736000.0
86.0,2.0,11.0,11.3,norte,1778000.0
80.0,4.0,16.0,5.0,centro,2300000.0
127.0,2.0,1.0,7.3,centro,3559000.0
56.0,2.0,40.0,4.1,sur,408000.0
124.0,2.0,42.0,13.8,centro,2006000.0
114.0,3.0,19.0,17.8,periferia,1173000.0
105.0,3.0,41.0,3.5,sur,1726000.0
166.0,3.0,38.0,6.7,norte,2667000.0
88.0,2.0,40.0,1.8,sur,1182000.0
182.0,6.0,40.0,8.2,centro,3430000.0
102.0,2.0,28.0,10.1,periferia,1312000.0
65.0,2.0,5.0,8.7,norte,1362000.0
112.0,4.0,46.0,9.5,sur,1204000.0
72.0,2.0,,6.2,centro,2009000.0
84.0,2.0,45.0,6.3,norte,998000.0
124.0,2.0,47.0,6.1,norte,2222000.0
129.0,4.0,9.0,4.4,periferia,2316000.0
88.0,2.0,20.0,4.9,sur,1878000.0
145.0,3.0,9.0,9.7,norte,3134000.0
151.0,4.0,2.0,17.1,norte,2732000.0
160.0,4.0,48.0,2.9,norte,2795000.0
129.0,3.0,46.0,6.3,sur,2041000.0
158.0,4.0,46.0,2.3,norte,2976000.0
44.0,1.0,44.0,4.5,centro,930000.0
99.0,3.0,32.0,5.2,periferia,1772000.0
80.0,1.0,26.0,7.7,periferia,675000.0
114.0,2.0,49.0,7.6,centro,2176000.0
90.0,4.0,27.0,6.7,sur,1816000.0
104.0,3.0,32.0,9.2,centro,2486000.0
176.0,4.0,10.0,3.2,sur,3480000.0
104.0,2.0,37.0,7.8,norte,1673000.0
124.0,3.0,40.0,11.5,sur,1247000.0
102.0,3.0,33.0,3.1,sur,1463000.0
113.0,3.0,24.0,1.1,sur,2220000.0
110.0,3.0,9.0,13.7,centro,2523000.0
126.0,3.0,1.0,2.4,periferia,2536000.0
151.0,4.0,31.0,4.3,norte,3321000.0
168.0,3.0,34.0,11.3,centro,3025000.0
121.0,3.0,38.0,3.0,sur,1939000.0
131.0,4.0,47.0,13.0,norte,2160000.0
70.0,1.0,24.0,3.8,periferia,692000.0
107.0,3.0,41.0,3.4,periferia,1893000.0
143.0,3.0,35.0,2.4,norte,3040000.0
140.0,4.0,13.0,3.8,periferia,2726000.0
117.0,3.0,42.0,10.2,norte,2377000.0
141.0,5.0,2.0,4.3,sur,2711000.0
127.0,4.0,29.0,13.7,norte,2281000.0
152.0,3.0,47.0,6.9,periferia,2207000.0
120.0,3.0,32.0,7.4,centro,2415000.0
98.0,2.0,46.0,3.3,centro,2157000.0
122.0,3.0,2.0,15.1,norte,2145000.0
35.0,1.0,26.0,11.6,periferia,400000.0
123.0,3.0,39.0,11.3,periferia,1801000.0
35.0,1.0,32.0,5.9,sur,400000.0
50.0,1.0,44.0,2.1,periferia,400000.0
126.0,3.0,23.0,7.7,periferia,1733000.0
127.0,3.0,34.0,9.9,sur,2031000.0
69.0,1.0,20.0,10.0,norte,1167000.0
85.0,3.0,43.0,9.0,sur,400000.0
158.0,4.0,5.0,8.8,sur,3358000.0
93.0,4.0,12.0,3.8,norte,2356000.0
189.0,6.0,4.0,3.9,centro,4601000.0
110.0,2.0,35.0,2.4,sur,1998000.0
124.0,3.0,11.0,13.8,norte,2206000.0
167.0,3.0,15.0,22.9,periferia,2053000.0
115.0,2.0,41.0,37.8,norte,773000.0
75.0,1.0,18.0,8.1,centro,2221000.0
106.0,2.0,7.0,8.8,periferia,2097000.0
109.0,2.0,1.0,6.1,centro,2933000.0
62.0,1.0,11.0,8.0,centro,1767000.0
101.0,2.0,45.0,3.0,sur,1611000.0
84.0,3.0,27.0,6.0,periferia,913000.0
142.0,3.0,49.0,3.4,centro,3106000.0
111.0,5.0,10.0,5.4,norte,2548000.0
100.0,2.0,17.0,3.7,sur,1867000.0
106.0,3.0,8.0,9.9,periferia,1695000.0
118.0,2.0,19.0,10.8,sur,1922000.0
132.0,4.0,28.0,8.6,centro,3022000.0
75.0,3.0,40.0,4.0,centro,1082000.0
74.0,2.0,18.0,2.2,norte,1759000.0
149.0,3.0,38.0,10.9,centro,3097000.0
96.0,3.0,31.0,6.9,sur,1608000.0
60.0,1.0,14.0,1.1,centro,1820000.0
126.0,4.0,45.0,7.6,sur,2330000.0
126.0,4.0,21.0,8.8,sur,2309000.0
56.0,1.0,7.0,1.5,sur,1222000.0
118.0,1.0,48.0,10.0,centro,2285000.0
136.0,3.0,45.0,1.8,periferia,2152000.0
123.0,4.0,2.0,3.6,sur,2445000.0
132.0,4.0,45.0,1.8,sur,1649000.0
61.0,2.0,47.0,3.3,centro,1282000.0
122.0,2.0,41.0,2.2,centro,2823000.0
99.0,3.0,12.0,13.8,periferia,1322000.0
93.0,3.0,31.0,5.7,norte,2041000.0
140.0,2.0,26.0,4.7,norte,2719000.0
162.0,4.0,31.0,14.7,norte,3165000.0
173.0,5.0,30.0,14.2,sur,2772000.0
156.0,4.0,31.0,5.0,periferia,2740000.0
106.0,1.0,25.0,8.5,norte,1939000.0
122.0,3.0,34.0,4.2,periferia,2253000.0
137.0,3.0,26.0,6.4,centro,2653000.0
114.0,3.0,0.0,2.7,sur,2339000.0
115.0,2.0,1.0,9.4,sur,2281000.0
139.0,3.0,47.0,15.1,centro,2839000.0
108.0,3.0,45.0,13.3,centro,2057000.0
84.0,2.0,29.0,7.1,norte,1460000.0
95.0,2.0,8.0,1.0,periferia,1979000.0
132.0,3.0,39.0,4.1,sur,2354000.0
110.0,3.0,7.0,6.3,periferia,1893000.0
122.0,2.0,18.0,2.0,periferia,2169000.0
133.0,4.0,16.0,1.6,norte,3365000.0
97.0,2.0,0.0,17.9,sur,1893000.0
136.0,3.0,40.0,12.2,centro,2806000.0
123.0,4.0,25.0,9.9,centro,2834000.0
67.0,1.0,15.0,11.3,periferia,635000.0
160.0,3.0,25.0,2.3,sur,3062000.0
92.0,2.0,,3.2,norte,2239000.0
52.0,1.0,21.0,8.1,sur,614000.0
73.0,2.0,25.0,8.6,sur,721000.0
74.0,2.0,16.0,1.8,periferia,1584000.0
112.0,3.0,41.0,7.7,sur,1318000.0
100.0,3.0,12.0,6.4,norte,2116000.0
98.0,3.0,6.0,13.0,norte,2038000.0
132.0,3.0,26.0,8.6,norte,3000000.0
122.0,2.0,44.0,19.3,sur,1048000.0
121.0,4.0,18.0,5.1,periferia,2017000.0
124.0,4.0,2.0,2.5,norte,2944000.0
132.0,4.0,48.0,18.9,norte,2295000.0
36.0,1.0,22.0,8.9,norte,400000.0
97.0,3.0,8.0,6.5,sur,1625000.0
35.0,1.0,30.0,3.3,periferia,851000.0
111.0,4.0,15.0,5.1,centro,3097000.0
110.0,2.0,46.0,4.9,centro,1958000.0
147.0,4.0,14.0,2.4,sur,2960000.0
152.0,4.0,27.0,0.6,centro,3704000.0
117.0,3.0,27.0,4.8,periferia,2081000.0
92.0,2.0,12.0,11.5,norte,2216000.0
127.0,3.0,,15.9,centro,2647000.0
92.0,3.0,5.0,13.4,periferia,1270000.0
110.0,3.0,32.0,13.9,centro,2401000.0
145.0,4.0,37.0,2.6,norte,2756000.0
90.0,2.0,47.0,8.2,centro,1469000.0
138.0,4.0,16.0,10.0,centro,2784000.0
134.0,3.0,14.0,10.4,centro,2655000.0
77.0,2.0,27.0,6.4,centro,1641000.0
144.0,4.0,34.0,7.5,centro,2868000.0
134.0,4.0,49.0,13.1,centro,2611000.0
114.0,2.0,1.0,9.7,sur,1739000.0
83.0,1.0,11.0,11.0,sur,400000.0
80.0,1.0,13.0,4.6,norte,1420000.0
91.0,2.0,12.0,10.6,norte,1656000.0
129.0,2.0,23.0,7.4,sur,1920000.0
77.0,2.0,43.0,12.2,periferia,873000.0
125.0,4.0,1.0,3.8,periferia,2410000.0
67.0,1.0,40.0,11.5,centro,1386000.0
103.0,3.0,30.0,5.2,centro,2451000.0
114.0,3.0,30.0,11.6,norte,1987000.0
196.0,5.0,33.0,8.2,norte,3596000.0
62.0,2.0,5.0,7.0,sur,1136000.0
162.0,4.0,37.0,5.4,norte,2934000.0
115.0,3.0,12.0,6.5,centro,2933000.0
124.0,4.0,25.0,4.8,norte,2586000.0
114.0,3.0,33.0,5.3,sur,1619000.0
126.0,2.0,30.0,9.5,centro,2826000.0
105.0,3.0,16.0,1.3,periferia,2065000.0
161.0,3.0,19.0,11.4,centro,3305000.0
94.0,3.0,23.0,11.6,periferia,1279000.0
150.0,4.0,2.0,5.5,centro,3809000.0
87.0,2.0,36.0,7.6,periferia,745000.0
108.0,3.0,4.0,3.0,periferia,2142000.0
72.0,2.0,22.0,9.1,periferia,687000.0
126.0,4.0,32.0,3.3,periferia,1900000.0
161.0,4.0,4.0,0.2,sur,3054000.0
107.0,3.0,49.0,15.5,sur,991000.0
103.0,3.0,18.0,2.7,sur,2128000.0
71.0,1.0,0.0,6.4,centro,1868000.0
102.0,2.0,32.0,7.8,sur,2064000.0
54.0,1.0,27.0,9.5,sur,678000.0
78.0,1.0,32.0,6.8,periferia,1098000.0
118.0,2.0,37.0,8.4,norte,2172000.0
156.0,4.0,23.0,5.4,norte,3690000.0
208.0,6.0,41.0,1.6,sur,3738000.0
89.0,3.0,18.0,6.6,norte,1288000.0
160.0,3.0,27.0,10.4,centro,3207000.0
119.0,3.0,7.0,2.8,norte,2925000.0
105.0,4.0,30.0,7.9,norte,2142000.0
125.0,3.0,13.0,21.8,norte,2112000.0
112.0,3.0,,6.3,norte,2444000.0
114.0,1.0,40.0,6.5,norte,1908000.0
96.0,3.0,42.0,1.4,norte,2102000.0
61.0,1.0,46.0,2.5,norte,693000.0
56.0,2.0,6.0,3.3,sur,902000.0
133.0,2.0,6.0,10.2,norte,3040000.0
100.0,3.0,46.0,3.0,periferia,1375000.0
89.0,3.0,19.0,8.9,periferia,1165000.0
110.0,2.0,1.0,3.6,norte,2406000.0
138.0,3.0,14.0,1.5,norte,2912000.0
116.0,1.0,41.0,11.0,sur,1126000.0
87.0,2.0,17.0,4.9,periferia,1034000.0
153.0,3.0,3.0,9.6,sur,2460000.0
165.0,3.0,36.0,1.4,periferia,2685000.0
127.0,3.0,9.0,0.5,sur,2493000.0
144.0,3.0,17.0,7.4,sur,2828000.0
153.0,3.0,0.0,2.4,norte,3591000.0
150.0,3.0,30.0,7.3,sur,2534000.0
131.0,4.0,22.0,7.4,norte,2526000.0
131.0,4.0,43.0,6.7,sur,2045000.0
128.0,3.0,16.0,13.8,periferia,1962000.0
72.0,2.0,10.0,8.8,centro,2113000.0
135.0,3.0,8.0,21.8,sur,1925000.0
63.0,2.0,10.0,5.1,centro,2190000.0
82.0,2.0,22.0,2.0,sur,1458000.0
156.0,4.0,4.0,3.8,centro,4174000.0
139.0,4.0,20.0,5.3,periferia,2348000.0
162.0,4.0,42.0,23.0,centro,2293000.0
100.0,3.0,38.0,7.0,periferia,1377000.0
70.0,2.0,31.0,14.2,periferia,648000.0
102.0,1.0,44.0,4.7,sur,1402000.0
114.0,4.0,39.0,4.3,sur,2031000.0
113.0,1.0,32.0,1.4,sur,1681000.0
150.0,3.0,43.0,22.6,periferia,1309000.0
97.0,3.0,6.0,17.4,norte,1958000.0
122.0,3.0,40.0,8.0,sur,1893000.0
75.0,1.0,14.0,5.6,centro,1796000.0
126.0,2.0,36.0,7.2,sur,2107000.0
110.0,3.0,45.0,1.9,centro,2268000.0
84.0,1.0,24.0,9.5,sur,896000.0
102.0,3.0,4.0,16.5,sur,2035000.0
104.0,3.0,18.0,17.0,norte,1999000.0
101.0,2.0,,1.4,sur,1762000.0
172.0,4.0,46.0,14.1,sur,2544000.0
107.0,2.0,47.0,1.9,sur,1574000.0
101.0,3.0,28.0,0.6,norte,1548000.0
37.0,1.0,47.0,14.4,sur,400000.0
79.0,1.0,21.0,4.4,periferia,1038000.0
101.0,2.0,20.0,13.1,centro,2045000.0
86.0,2.0,41.0,12.3,centro,1643000.0
158.0,5.0,33.0,11.2,centro,3683000.0
104.0,2.0,26.0,7.1,sur,1508000.0
155.0,5.0,22.0,2.2,norte,3208000.0
112.0,3.0,35.0,5.3,sur,1870000.0
111.0,2.0,37.0,17.2,sur,1063000.0
107.0,2.0,24.0,13.3,norte,1735000.0
110.0,2.0,1.0,5.5,periferia,1912000.0
170.0,3.0,5.0,5.5,sur,3835000.0
35.0,1.0,7.0,10.5,norte,400000.0
40.0,1.0,23.0,7.5,norte,598000.0
91.0,1.0,30.0,5.8,norte,1575000.0
111.0,3.0,40.0,9.9,centro,2067000.0
134.0,2.0,11.0,9.7,centro,3224000.0
127.0,3.0,39.0,3.9,periferia,2108000.0
97.0,2.0,33.0,8.7,norte,1631000.0
146.0,3.0,2.0,9.2,norte,3022000.0
146.0,5.0,17.0,6.7,sur,2827000.0
116.0,3.0,15.0,3.6,sur,2203000.0
144.0,4.0,44.0,5.2,periferia,2184000.0
120.0,2.0,46.0,3.0,sur,1693000.0
90.0,2.0,40.0,8.9,norte,1467000.0
134.0,4.0,26.0,1.5,norte,3130000.0
114.0,2.0,24.0,18.4,periferia,888000.0
110.0,3.0,15.0,15.9,sur,1366000.0
162.0,3.0,38.0,9.4,periferia,1893000.0
35.0,1.0,4.0,12.8,centro,1295000.0
60.0,1.0,13.0,12.2,periferia,580000.0
68.0,2.0,6.0,7.6,sur,1346000.0
97.0,2.0,24.0,5.9,centro,1933000.0
101.0,2.0,14.0,5.4,sur,2228000.0
57.0,1.0,9.0,18.9,sur,400000.0
76.0,1.0,18.0,3.5,centro,2020000.0
80.0,2.0,43.0,3.5,norte,1609000.0
196.0,5.0,27.0,13.6,periferia,2932000.0
173.0,4.0,,12.7,norte,2834000.0
96.0,2.0,45.0,5.6,norte,1614000.0
97.0,3.0,45.0,10.1,norte,2241000.0
70.0,2.0,17.0,11.1,norte,1376000.0
43.0,1.0,43.0,2.1,periferia,567000.0
106.0,3.0,45.0,16.6,sur,1380000.0
75.0,3.0,47.0,11.1,centro,1553000.0
107.0,2.0,17.0,9.5,periferia,1284000.0
54.0,2.0,11.0,11.2,periferia,864000.0
83.0,1.0,29.0,8.7,norte,956000.0
115.0,3.0,46.0,6.4,periferia,1884000.0
123.0,4.0,45.0,7.7,centro,2661000.0
125.0,3.0,28.0,1.9,periferia,1451000.0
64.0,2.0,7.0,23.9,sur,400000.0
140.0,3.0,21.0,6.4,sur,2622000.0
82.0,2.0,35.0,23.6,centro,1088000.0
132.0,3.0,28.0,7.8,periferia,2183000.0
110.0,2.0,17.0,4.2,centro,2484000.0
62.0,1.0,17.0,16.3,norte,503000.0
99.0,3.0,2.0,9.3,centro,2622000.0
123.0,3.0,14.0,29.6,sur,1338000.0
131.0,3.0,33.0,4.1,centro,2872000.0
105.0,2.0,12.0,16.8,periferia,1585000.0
164.0,4.0,49.0,17.4,sur,1938000.0
145.0,4.0,4.0,11.8,centro,3536000.0
101.0,3.0,29.0,17.5,centro,1960000.0
136.0,4.0,24.0,6.5,centro,2819000.0
178.0,5.0,41.0,3.4,sur,2873000.0
179.0,5.0,44.0,4.5,periferia,2985000.0
67.0,2.0,27.0,7.4,norte,1740000.0
78.0,2.0,31.0,12.2,periferia,836000.0
162.0,4.0,34.0,3.7,centro,3207000.0
73.0,3.0,26.0,5.4,periferia,400000.0
64.0,1.0,,3.9,periferia,1164000.0
93.0,2.0,21.0,13.7,sur,1177000.0
125.0,3.0,12.0,23.5,sur,1925000.0
106.0,3.0,23.0,2.9,periferia,1587000.0
87.0,1.0,30.0,10.5,centro,1804000.0
86.0,3.0,10.0,14.9,norte,1874000.0
85.0,2.0,,6.0,centro,2138000.0
79.0,1.0,41.0,2.0,sur,890000.0
190.0,6.0,18.0,16.2,sur,3378000.0
120.0,3.0,9.0,1.9,sur,2595000.0
141.0,3.0,35.0,19.5,periferia,1589000.0
93.0,4.0,35.0,3.9,centro,2616000.0
103.0,3.0,41.0,1.6,sur,1570000.0
85.0,2.0,37.0,4.8,centro,1591000.0
35.0,2.0,49.0,6.9,norte,853000.0
62.0,2.0,28.0,8.1,sur,611000.0
47.0,1.0,14.0,11.1,periferia,400000.0
35.0,1.0,43.0,8.6,sur,400000.0
68.0,2.0,13.0,22.3,centro,1294000.0
156.0,4.0,14.0,6.7,sur,2863000.0
108.0,3.0,41.0,9.0,centro,2225000.0
155.0,3.0,44.0,8.4,periferia,2144000.0
124.0,3.0,16.0,1.4,sur,2490000.0
137.0,3.0,36.0,2.4,centro,2501000.0
78.0,1.0,46.0,7.4,centro,1908000.0
128.0,2.0,39.0,9.8,centro,2430000.0
136.0,4.0,0.0,0.8,periferia,3041000.0
90.0,1.0,33.0,22.9,norte,484000.0
130.0,3.0,8.0,10.3,sur,2200000.0
130.0,3.0,42.0,7.1,sur,1768000.0
91.0,3.0,3.0,10.0,sur,2070000.0
71.0,1.0,49.0,4.6,centro,1233000.0
69.0,2.0,8.0,8.1,periferia,1228000.0
113.0,3.0,21.0,9.1,norte,2052000.0
121.0,3.0,11.0,16.4,sur,1754000.0
82.0,3.0,40.0,6.2,sur,1077000.0
111.0,2.0,19.0,1.9,sur,2348000.0
130.0,4.0,37.0,3.4,periferia,1657000.0
132.0,3.0,3.0,5.8,centro,3030000.0
164.0,4.0,22.0,2.1,sur,2681000.0
155.0,5.0,45.0,3.0,norte,2823000.0
75.0,2.0,46.0,3.4,norte,1061000.0
169.0,6.0,10.0,5.5,centro,3888000.0
91.0,2.0,19.0,10.2,centro,1901000.0
147.0,3.0,20.0,5.3,norte,2490000.0
112.0,2.0,28.0,10.7,norte,1654000.0
96.0,3.0,,7.1,norte,2214000.0
47.0,2.0,5.0,3.1,sur,1138000.0
104.0,3.0,38.0,9.2,sur,1491000.0
55.0,1.0,11.0,8.2,norte,866000.0
144.0,4.0,,10.9,norte,2527000.0
163.0,3.0,42.0,12.6,norte,2375000.0
82.0,3.0,34.0,16.7,sur,797000.0
121.0,5.0,19.0,10.5,norte,2790000.0
85.0,2.0,45.0,8.0,centro,1901000.0
88.0,3.0,19.0,11.0,norte,1877000.0
137.0,3.0,28.0,4.9,norte,2526000.0
109.0,1.0,12.0,4.6,norte,2224000.0
171.0,4.0,9.0,18.2,sur,2765000.0
93.0,2.0,24.0,4.5,sur,1474000.0
145.0,3.0,28.0,3.5,sur,3069000.0
113.0,4.0,40.0,10.5,sur,1203000.0
138.0,4.0,19.0,4.9,sur,2574000.0
94.0,3.0,44.0,12.5,norte,1695000.0
108.0,2.0,30.0,15.9,sur,882000.0
106.0,3.0,3.0,3.9,sur,2056000.0
81.0,3.0,36.0,11.4,norte,1190000.0
133.0,3.0,28.0,4.4,sur,2252000.0
133.0,4.0,19.0,5.9,norte,2454000.0
131.0,3.0,23.0,8.9,sur,2316000.0
164.0,4.0,15.0,4.6,sur,3340000.0
161.0,3.0,30.0,8.4,periferia,2599000.0
97.0,1.0,,6.3,periferia,976000.0
123.0,3.0,22.0,12.7,sur,1908000.0
88.0,2.0,14.0,12.7,sur,1031000.0
111.0,2.0,19.0,4.6,sur,1836000.0
89.0,2.0,24.0,9.1,norte,2156000.0
167.0,4.0,23.0,14.0,periferia,2605000.0
123.0,2.0,15.0,3.0,norte,2312000.0
102.0,2.0,29.0,6.3,centro,2334000.0
152.0,4.0,11.0,8.8,centro,3261000.0
35.0,1.0,25.0,2.9,periferia,400000.0
40.0,1.0,6.0,5.1,centro,1186000.0
138.0,4.0,23.0,20.7,norte,2180000.0
112.0,4.0,39.0,4.5,norte,2465000.0
119.0,4.0,40.0,4.9,centro,2871000.0
64.0,2.0,34.0,10.4,norte,1097000.0
109.0,2.0,37.0,2.6,sur,1418000.0
180.0,4.0,3.0,6.4,centro,4184000.0
139.0,4.0,17.0,3.5,periferia,2655000.0
116.0,3.0,32.0,8.3,periferia,1479000.0
95.0,3.0,40.0,0.2,norte,1892000.0
96.0,2.0,29.0,7.5,centro,2243000.0
35.0,1.0,42.0,9.0,sur,400000.0
119.0,3.0,13.0,5.2,centro,3056000.0
140.0,4.0,7.0,5.5,norte,3573000.0
55.0,2.0,4.0,4.7,periferia,939000.0
87.0,2.0,29.0,6.3,periferia,1414000.0
69.0,1.0,33.0,18.4,sur,421000.0
76.0,3.0,14.0,12.9,norte,1135000.0
112.0,3.0,39.0,6.3,sur,1413000.0
37.0,1.0,36.0,5.1,sur,400000.0
131.0,3.0,18.0,12.1,norte,2250000.0
136.0,4.0,,8.0,sur,2570000.0
101.0,2.0,37.0,2.8,centro,2445000.0
35.0,1.0,33.0,5.8,norte,837000.0
75.0,3.0,8.0,17.1,sur,1133000.0
153.0,3.0,12.0,10.1,centro,3319000.0
35.0,1.0,24.0,5.2,centro,561000.0
98.0,3.0,25.0,1.8,periferia,1695000.0
69.0,2.0,8.0,8.3,periferia,1036000.0
138.0,4.0,47.0,7.1,sur,2171000.0
86.0,3.0,19.0,6.2,periferia,1902000.0
124.0,3.0,19.0,12.2,periferia,2129000.0
130.0,4.0,3.0,10.2,centro,3463000.0
174.0,4.0,43.0,1.8,norte,3154000.0
103.0,3.0,11.0,7.2,norte,2133000.0
123.0,3.0,49.0,2.3,centro,2623000.0
58.0,2.0,24.0,4.8,sur,688000.0
152.0,4.0,43.0,2.2,norte,3108000.0
83.0,2.0,8.0,2.2,norte,2115000.0
90.0,2.0,8.0,9.1,centro,2004000.0
109.0,2.0,40.0,8.4,centro,2465000.0
55.0,1.0,40.0,6.8,periferia,400000.0
118.0,3.0,27.0,4.4,centro,2371000.0
144.0,4.0,1.0,2.0,norte,3464000.0
120.0,5.0,47.0,4.8,norte,2433000.0
54.0,1.0,19.0,8.5,norte,1210000.0
106.0,3.0,46.0,8.3,sur,1312000.0
136.0,4.0,43.0,16.9,norte,2314000.0
44.0,1.0,42.0,15.3,centro,617000.0
72.0,3.0,34.0,7.0,norte,1037000.0
141.0,3.0,33.0,4.8,periferia,1857000.0
119.0,3.0,26.0,3.6,sur,2399000.0
124.0,3.0,1.0,1.7,sur,2958000.0
175.0,4.0,19.0,2.6,sur,3472000.0
126.0,3.0,36.0,8.5,sur,2272000.0
133.0,4.0,40.0,10.7,centro,3010000.0
205.0,5.0,27.0,5.5,norte,4336000.0
103.0,3.0,35.0,29.0,sur,451000.0
82.0,2.0,1.0,2.6,norte,2530000.0
125.0,3.0,23.0,1.5,periferia,2339000.0
125.0,5.0,25.0,28.6,norte,1735000.0
92.0,3.0,44.0,1.9,sur,1263000.0
74.0,1.0,15.0,5.5,periferia,1071000.0
191.0,4.0,11.0,3.8,sur,3333000.0
121.0,2.0,17.0,8.9,periferia,1982000.0
84.0,3.0,8.0,5.2,sur,1456000.0
142.0,3.0,27.0,10.7,periferia,2176000.0
106.0,3.0,32.0,12.4,norte,1662000.0
101.0,2.0,40.0,1.7,norte,1824000.0
130.0,4.0,48.0,3.5,sur,1921000.0
65.0,1.0,3.0,11.4,centro,1649000.0
122.0,2.0,12.0,14.1,norte,2664000.0
177.0,5.0,15.0,7.8,periferia,3595000.0
126.0,4.0,,9.4,sur,2431000.0
97.0,3.0,41.0,17.6,centro,1681000.0
92.0,2.0,6.0,5.2,norte,2309000.0
96.0,3.0,1.0,7.7,centro,2947000.0
101.0,2.0,43.0,15.3,centro,1494000.0
97.0,2.0,48.0,16.0,periferia,607000.0
142.0,3.0,11.0,6.4,norte,2540000.0
49.0,2.0,16.0,3.6,norte,1519000.0
140.0,4.0,25.0,6.3,sur,3039000.0
97.0,3.0,26.0,6.8,centro,2364000.0
123.0,4.0,49.0,3.5,norte,1788000.0
71.0,4.0,20.0,3.9,sur,1604000.0
157.0,3.0,0.0,16.0,sur,2470000.0
154.0,3.0,21.0,9.7,periferia,2263000.0
144.0,3.0,27.0,5.5,sur,2634000.0
57.0,1.0,25.0,2.7,norte,1227000.0
139.0,3.0,25.0,4.0,sur,2355000.0
124.0,3.0,46.0,1.4,periferia,1684000.0
54.0,1.0,40.0,8.0,sur,400000.0
109.0,3.0,12.0,3.8,periferia,1888000.0
123.0,3.0,17.0,8.4,sur,1856000.0
129.0,4.0,33.0,11.3,periferia,1772000.0
116.0,3.0,20.0,8.5,centro,2793000.0
120.0,3.0,21.0,5.0,sur,2110000.0
162.0,4.0,,3.3,norte,3291000.0
153.0,5.0,12.0,2.4,sur,3475000.0
35.0,1.0,,15.0,sur,400000.0
99.0,1.0,42.0,8.2,periferia,832000.0
104.0,2.0,39.0,5.2,periferia,1164000.0
49.0,1.0,15.0,10.3,norte,902000.0
113.0,3.0,,13.4,sur,2058000.0
154.0,4.0,7.0,3.8,sur,3427000.0
72.0,1.0,19.0,8.1,norte,1129000.0
122.0,4.0,25.0,8.2,centro,3020000.0
78.0,2.0,44.0,17.1,centro,1249000.0
86.0,3.0,44.0,5.2,sur,762000.0
162.0,3.0,0.0,3.2,norte,4123000.0
91.0,2.0,35.0,8.7,periferia,645000.0
126.0,3.0,14.0,10.9,norte,2587000.0
45.0,1.0,9.0,7.6,periferia,588000.0
175.0,3.0,27.0,17.9,norte,2958000.0
131.0,3.0,1.0,5.1,sur,2525000.0
104.0,3.0,16.0,7.7,centro,2791000.0
130.0,3.0,27.0,1.8,sur,1983000.0
61.0,1.0,13.0,3.1,periferia,883000.0
151.0,3.0,29.0,3.9,periferia,2346000.0
99.0,2.0,23.0,5.8,periferia,1276000.0
103.0,3.0,39.0,2.1,centro,2552000.0
93.0,3.0,9.0,10.2,norte,2260000.0
90.0,3.0,2.0,3.6,centro,2620000.0
134.0,3.0,26.0,25.7,centro,2449000.0
119.0,3.0,12.0,3.7,sur,2336000.0
133.0,4.0,35.0,7.2,sur,1988000.0
110.0,3.0,4.0,6.5,sur,2106000.0
128.0,3.0,28.0,2.8,periferia,2057000.0
95.0,3.0,49.0,5.8,sur,1079000.0
188.0,5.0,4.0,5.8,periferia,3799000.0
55.0,2.0,15.0,12.4,centro,1468000.0
154.0,5.0,42.0,8.9,norte,2488000.0
158.0,3.0,26.0,10.1,sur,2147000.0
80.0,2.0,8.0,12.2,periferia,1178000.0
188.0,5.0,10.0,10.2,centro,4122000.0
145.0,4.0,38.0,8.0,sur,2426000.0
144.0,3.0,43.0,3.8,sur,2500000.0
111.0,2.0,18.0,7.6,centro,2246000.0
102.0,3.0,23.0,3.3,norte,1866000.0
103.0,2.0,39.0,6.2,periferia,1680000.0
124.0,3.0,8.0,5.6,sur,2486000.0
159.0,3.0,10.0,5.9,norte,3231000.0
116.0,2.0,38.0,2.2,periferia,1437000.0
78.0,2.0,9.0,0.2,norte,1873000.0
139.0,4.0,38.0,4.8,periferia,1922000.0
142.0,4.0,24.0,14.2,norte,2829000.0
133.0,5.0,49.0,7.1,sur,1931000.0
136.0,4.0,1.0,13.5,norte,3146000.0
101.0,3.0,47.0,3.3,norte,1741000.0
77.0,1.0,11.0,4.6,periferia,896000.0
80.0,1.0,1.0,26.7,centro,1270000.0
53.0,2.0,36.0,3.4,centro,762000.0
118.0,2.0,26.0,9.9,norte,2048000.0
107.0,2.0,41.0,9.9,sur,1262000.0
95.0,2.0,5.0,9.2,periferia,1713000.0
35.0,1.0,4.0,10.0,periferia,400000.0
66.0,1.0,28.0,3.4,norte,1542000.0
149.0,4.0,44.0,5.0,norte,3007000.0
87.0,3.0,20.0,0.4,centro,2823000.0
123.0,3.0,39.0,17.5,sur,1426000.0
61.0,1.0,45.0,10.0,periferia,400000.0
160.0,5.0,43.0,3.9,sur,2461000.0
105.0,3.0,,3.3,sur,2071000.0
120.0,3.0,34.0,14.3,norte,1745000.0
191.0,4.0,26.0,3.6,periferia,2971000.0
163.0,4.0,33.0,3.9,norte,2982000.0
99.0,2.0,28.0,2.7,centro,2395000.0
89.0,3.0,26.0,11.3,norte,1414000.0
99.0,2.0,21.0,13.4,centro,2165000.0
128.0,3.0,32.0,5.6,norte,2008000.0
106.0,3.0,37.0,13.4,centro,1545000.0
96.0,1.0,45.0,8.6,norte,1672000.0
161.0,5.0,30.0,2.6,sur,3320000.0
106.0,2.0,5.0,16.7,norte,1643000.0
190.0,5.0,,2.7,norte,3976000.0
113.0,3.0,15.0,5.9,periferia,2188000.0
172.0,5.0,1.0,5.6,sur,3712000.0
123.0,3.0,3.0,4.9,sur,2520000.0
144.0,2.0,29.0,1.0,norte,3131000.0
85.0,2.0,47.0,23.2,periferia,400000.0
80.0,2.0,25.0,1.1,norte,1769000.0
126.0,3.0,22.0,17.4,norte,2098000.0
145.0,4.0,4.0,3.2,periferia,2834000.0
111.0,3.0,33.0,4.2,sur,1748000.0
65.0,2.0,2.0,16.2,sur,900000.0
62.0,1.0,42.0,9.3,sur,400000.0
60.0,1.0,40.0,1.9,sur,412000.0
48.0,1.0,49.0,1.9,norte,873000.0
114.0,3.0,14.0,8.4,norte,2122000.0
149.0,3.0,8.0,2.7,norte,3259000.0
110.0,3.0,14.0,9.6,centro,2572000.0
35.0,2.0,39.0,10.3,periferia,400000.0
103.0,3.0,10.0,3.5,norte,1894000.0
104.0,1.0,44.0,4.4,sur,1529000.0
183.0,4.0,7.0,8.6,sur,3306000.0
59.0,3.0,2.0,3.4,sur,1711000.0
96.0,2.0,10.0,7.1,norte,1914000.0
170.0,3.0,37.0,27.7,norte,2245000.0
126.0,4.0,30.0,8.9,periferia,2420000.0
130.0,3.0,17.0,4.9,sur,2330000.0
114.0,4.0,32.0,24.7,periferia,1374000.0
122.0,3.0,32.0,11.9,periferia,1610000.0
137.0,4.0,27.0,2.7,sur,2687000.0
82.0,2.0,25.0,3.2,centro,2130000.0
141.0,4.0,5.0,1.3,sur,3253000.0
62.0,3.0,12.0,8.4,centro,1689000.0
121.0,4.0,26.0,0.8,sur,2140000.0
116.0,2.0,6.0,24.7,periferia,1090000.0
88.0,3.0,23.0,5.4,sur,1558000.0
109.0,4.0,5.0,12.4,norte,2316000.0
88.0,3.0,39.0,5.0,centro,2237000.0
72.0,2.0,5.0,8.3,periferia,1455000.0
98.0,3.0,4.0,6.0,centro,2480000.0
71.0,2.0,31.0,6.9,centro,1494000.0
121.0,5.0,11.0,15.1,norte,2150000.0
70.0,1.0,17.0,20.1,centro,1729000.0
135.0,3.0,15.0,19.1,norte,2377000.0
69.0,2.0,10.0,41.8,sur,400000.0
90.0,2.0,38.0,3.7,norte,1307000.0
88.0,2.0,34.0,8.9,centro,1858000.0
156.0,2.0,11.0,3.8,centro,3758000.0
122.0,3.0,34.0,14.7,norte,1895000.0
103.0,3.0,35.0,2.8,centro,2746000.0
127.0,3.0,26.0,15.2,sur,2376000.0
36.0,2.0,28.0,7.8,norte,419000.0
108.0,3.0,46.0,6.3,norte,1606000.0
180.0,5.0,22.0,6.8,norte,3519000.0
115.0,3.0,19.0,2.4,norte,2951000.0
112.0,3.0,26.0,2.6,centro,3043000.0
129.0,3.0,41.0,7.9,centro,2617000.0
141.0,4.0,35.0,7.8,periferia,2190000.0
40.0,1.0,3.0,3.9,centro,1335000.0
51.0,2.0,22.0,5.4,sur,985000.0
117.0,3.0,36.0,9.5,norte,1951000.0
85.0,2.0,11.0,3.4,norte,1904000.0
156.0,4.0,49.0,1.1,norte,3161000.0
99.0,4.0,40.0,17.9,sur,1049000.0
42.0,1.0,42.0,8.3,periferia,400000.0
66.0,2.0,4.0,4.5,norte,1691000.0
35.0,2.0,28.0,3.8,norte,997000.0
102.0,3.0,,3.3,norte,2586000.0
103.0,3.0,31.0,14.6,norte,1811000.0
95.0,1.0,42.0,2.0,sur,1471000.0
148.0,4.0,17.0,8.9,norte,2983000.0
152.0,2.0,26.0,8.9,norte,2553000.0
104.0,4.0,33.0,11.5,periferia,1560000.0
35.0,1.0,37.0,4.9,centro,942000.0
132.0,4.0,38.0,16.9,norte,1754000.0
129.0,3.0,16.0,11.7,sur,2042000.0
121.0,2.0,49.0,4.8,centro,2370000.0
144.0,4.0,0.0,3.6,centro,3700000.0
69.0,2.0,24.0,6.0,centro,2152000.0
180.0,4.0,30.0,4.6,periferia,3206000.0
76.0,2.0,3.0,3.1,centro,2682000.0
136.0,5.0,22.0,7.1,centro,3400000.0
51.0,2.0,29.0,5.4,centro,1427000.0
77.0,3.0,30.0,19.6,centro,1178000.0
163.0,5.0,5.0,4.6,sur,3428000.0
101.0,4.0,13.0,3.6,norte,2462000.0
139.0,3.0,12.0,6.7,sur,2222000.0
118.0,2.0,31.0,8.1,sur,1590000.0
106.0,3.0,16.0,8.6,periferia,1603000.0
158.0,5.0,28.0,8.5,centro,3687000.0
102.0,2.0,36.0,6.9,periferia,1375000.0
48.0,1.0,39.0,6.5,sur,400000.0
82.0,2.0,9.0,10.4,centro,2182000.0
129.0,4.0,45.0,2.9,sur,2115000.0
124.0,4.0,8.0,3.6,periferia,1731000.0
55.0,2.0,1.0,1.5,norte,1534000.0
85.0,3.0,2.0,2.9,periferia,2014000.0
90.0,2.0,10.0,13.7,norte,1242000.0
97.0,3.0,43.0,10.1,sur,1235000.0
62.0,1.0,10.0,21.4,periferia,626000.0
88.0,1.0,34.0,18.1,norte,780000.0
84.0,2.0,20.0,10.1,periferia,1049000.0
137.0,4.0,1.0,7.5,norte,2805000.0
138.0,4.0,22.0,6.8,sur,2919000.0
105.0,4.0,1.0,0.7,sur,2456000.0
96.0,3.0,23.0,6.3,norte,2003000.0
115.0,2.0,27.0,4.2,norte,2576000.0
81.0,2.0,26.0,3.0,norte,1853000.0
70.0,2.0,14.0,9.0,centro,1611000.0
77.0,4.0,38.0,5.7,centro,1806000.0
88.0,3.0,29.0,7.1,norte,1849000.0
69.0,3.0,12.0,2.6,centro,2062000.0
116.0,3.0,21.0,12.0,centro,2024000.0
136.0,3.0,5.0,4.6,sur,2686000.0
54.0,2.0,46.0,8.7,sur,400000.0
